RACE_ID,RACE_NAME,RACE_YEAR,RACE_FROM,RACE_TO,RACE_DISTANCE,RACE_NUMBER_OF_STAGES,RACE_EDITION,RACE_WEBSITE,TEAM_ID,TEAM_NAME,TEAM_COUNTRY,TEAM_MANAGERS,RIDER_NUMBER,RIDER_NAME,RIDER_COUNTRY,RIDER_INFO
1,TOUR DE FRANCE,2014,05/07/2014,27/07/2014,3663.5,21,101,http://www.letour.com/le-tour/2014/us/,1,TEAM SKY,GBR ,"PORTAL Nicolas, KNAVEN Servais",1,FROOME Christopher,GBR,http://www.letour.com/le-tour/2014/us/riders/team-sky/froome-christopher.html
1,TOUR DE FRANCE,2014,05/07/2014,27/07/2014,3663.5,21,101,http://www.letour.com/le-tour/2014/us/,1,TEAM SKY,GBR ,"PORTAL Nicolas, KNAVEN Servais",2,EISEL Bernhard,AUT,http://www.letour.com/le-tour/2014/us/riders/team-sky/eisel-bernhard.html
1,TOUR DE FRANCE,2014,05/07/2014,27/07/2014,3663.5,21,101,http://www.letour.com/le-tour/2014/us/,1,TEAM SKY,GBR ,"PORTAL Nicolas, KNAVEN Servais",3,KIRYIENKA Vasili,BLR,http://www.letour.com/le-tour/2014/us/riders/team-sky/kiryienka-vasili.html
1,TOUR DE FRANCE,2014,05/07/2014,27/07/2014,3663.5,21,101,http://www.letour.com/le-tour/2014/us/,1,TEAM SKY,GBR ,"PORTAL Nicolas, KNAVEN Servais",4,LOPEZ GARCIA David,ESP,http://www.letour.com/le-tour/2014/us/riders/team-sky/lopez-garcia-david.html
1,TOUR DE FRANCE,2014,05/07/2014,27/07/2014,3663.5,21,101,http://www.letour.com/le-tour/2014/us/,1,TEAM SKY,GBR ,"PORTAL Nicolas, KNAVEN Servais",5,NIEVE ITURRALDE Mikel,ESP,http://www.letour.com/le-tour/2014/us/riders/team-sky/nieve-iturralde-mikel.html
1,TOUR DE FRANCE,2014,05/07/2014,27/07/2014,3663.5,21,101,http://www.letour.com/le-tour/2014/us/,1,TEAM SKY,GBR ,"PORTAL Nicolas, KNAVEN Servais",6,PATE Danny,USA,http://www.letour.com/le-tour/2014/us/riders/team-sky/pate-danny.html
1,TOUR DE FRANCE,2014,05/07/2014,27/07/2014,3663.5,21,101,http://www.letour.com/le-tour/2014/us/,1,TEAM SKY,GBR ,"PORTAL Nicolas, KNAVEN Servais",7,PORTE Richie,AUS,http://www.letour.com/le-tour/2014/us/riders/team-sky/porte-richie.html
1,TOUR DE FRANCE,2014,05/07/2014,27/07/2014,3663.5,21,101,http://www.letour.com/le-tour/2014/us/,1,TEAM SKY,GBR ,"PORTAL Nicolas, KNAVEN Servais",8,THOMAS Geraint,GBR,http://www.letour.com/le-tour/2014/us/riders/team-sky/thomas-geraint.html
1,TOUR DE FRANCE,2014,05/07/2014,27/07/2014,3663.5,21,101,http://www.letour.com/le-tour/2014/us/,1,TEAM SKY,GBR ,"PORTAL Nicolas, KNAVEN Servais",9,ZANDIO ECHAIDE Xabier,ESP,http://www.letour.com/le-tour/2014/us/riders/team-sky/zandio-echaide-xabier.html
1,TOUR DE FRANCE,2014,05/07/2014,27/07/2014,3663.5,21,101,http://www.letour.com/le-tour/2014/us/,2,MOVISTAR TEAM,ESP ,"ARRIETA Jose Luis, GARCIA ACOSTA Vicente",11,VALVERDE BELMONTE Alejandro,ESP,http://www.letour.com/le-tour/2014/us/riders/movistar-team/valverde-belmonte-alejandro.html
1,TOUR DE FRANCE,2014,05/07/2014,27/07/2014,3663.5,21,101,http://www.letour.com/le-tour/2014/us/,2,MOVISTAR TEAM,ESP ,"ARRIETA Jose Luis, GARCIA ACOSTA Vicente",12,ERVITI OLLO Imanol,ESP,http://www.letour.com/le-tour/2014/us/riders/movistar-team/erviti-ollo-imanol.html
1,TOUR DE FRANCE,2014,05/07/2014,27/07/2014,3663.5,21,101,http://www.letour.com/le-tour/2014/us/,2,MOVISTAR TEAM,ESP ,"ARRIETA Jose Luis, GARCIA ACOSTA Vicente",13,GADRET John,FRA,http://www.letour.com/le-tour/2014/us/riders/movistar-team/gadret-john.html
1,TOUR DE FRANCE,2014,05/07/2014,27/07/2014,3663.5,21,101,http://www.letour.com/le-tour/2014/us/,2,MOVISTAR TEAM,ESP ,"ARRIETA Jose Luis, GARCIA ACOSTA Vicente",14,HERRADA LOPEZ Jesus,ESP,http://www.letour.com/le-tour/2014/us/riders/movistar-team/herrada-lopez-jesus.html
1,TOUR DE FRANCE,2014,05/07/2014,27/07/2014,3663.5,21,101,http://www.letour.com/le-tour/2014/us/,2,MOVISTAR TEAM,ESP ,"ARRIETA Jose Luis, GARCIA ACOSTA Vicente",15,INTXAUSTI Benat,ESP,http://www.letour.com/le-tour/2014/us/riders/movistar-team/intxausti-benat.html
1,TOUR DE FRANCE,2014,05/07/2014,27/07/2014,3663.5,21,101,http://www.letour.com/le-tour/2014/us/,2,MOVISTAR TEAM,ESP ,"ARRIETA Jose Luis, GARCIA ACOSTA Vicente",16,IZAGUIRRE INSAUSTI Jon,ESP,http://www.letour.com/le-tour/2014/us/riders/movistar-team/izaguirre-insausti-jon.html
1,TOUR DE FRANCE,2014,05/07/2014,27/07/2014,3663.5,21,101,http://www.letour.com/le-tour/2014/us/,2,MOVISTAR TEAM,ESP ,"ARRIETA Jose Luis, GARCIA ACOSTA Vicente",17,PLAZA MOLINA Ruben,ESP,http://www.letour.com/le-tour/2014/us/riders/movistar-team/plaza-molina-ruben.html
1,TOUR DE FRANCE,2014,05/07/2014,27/07/2014,3663.5,21,101,http://www.letour.com/le-tour/2014/us/,2,MOVISTAR TEAM,ESP ,"ARRIETA Jose Luis, GARCIA ACOSTA Vicente",18,ROJAS GIL José Joaquin,ESP,http://www.letour.com/le-tour/2014/us/riders/movistar-team/rojas-gil-jose-joaquin.html
1,TOUR DE FRANCE,2014,05/07/2014,27/07/2014,3663.5,21,101,http://www.letour.com/le-tour/2014/us/,2,MOVISTAR TEAM,ESP ,"ARRIETA Jose Luis, GARCIA ACOSTA Vicente",19,VISCONTI Giovanni,ITA,http://www.letour.com/le-tour/2014/us/riders/movistar-team/visconti-giovanni.html
1,TOUR DE FRANCE,2014,05/07/2014,27/07/2014,3663.5,21,101,http://www.letour.com/le-tour/2014/us/,3,TEAM KATUSHA,RUS ,"AZEVEDO José, SCHMIDT Torsten",21,RODRIGUEZ Joaquim,ESP,http://www.letour.com/le-tour/2014/us/riders/team-katusha/rodriguez-joaquim.html
1,TOUR DE FRANCE,2014,05/07/2014,27/07/2014,3663.5,21,101,http://www.letour.com/le-tour/2014/us/,3,TEAM KATUSHA,RUS ,"AZEVEDO José, SCHMIDT Torsten",22,ISAICHEV Vladimir,RUS,http://www.letour.com/le-tour/2014/us/riders/team-katusha/isaichev-vladimir.html
1,TOUR DE FRANCE,2014,05/07/2014,27/07/2014,3663.5,21,101,http://www.letour.com/le-tour/2014/us/,3,TEAM KATUSHA,RUS ,"AZEVEDO José, SCHMIDT Torsten",23,KRISTOFF Alexander,NOR,http://www.letour.com/le-tour/2014/us/riders/team-katusha/kristoff-alexander.html
1,TOUR DE FRANCE,2014,05/07/2014,27/07/2014,3663.5,21,101,http://www.letour.com/le-tour/2014/us/,3,TEAM KATUSHA,RUS ,"AZEVEDO José, SCHMIDT Torsten",24,PAOLINI Luca,ITA,http://www.letour.com/le-tour/2014/us/riders/team-katusha/paolini-luca.html
1,TOUR DE FRANCE,2014,05/07/2014,27/07/2014,3663.5,21,101,http://www.letour.com/le-tour/2014/us/,3,TEAM KATUSHA,RUS ,"AZEVEDO José, SCHMIDT Torsten",25,PORSEV Alexander,RUS,http://www.letour.com/le-tour/2014/us/riders/team-katusha/porsev-alexander.html
1,TOUR DE FRANCE,2014,05/07/2014,27/07/2014,3663.5,21,101,http://www.letour.com/le-tour/2014/us/,3,TEAM KATUSHA,RUS ,"AZEVEDO José, SCHMIDT Torsten",26,SILIN Egor,RUS,http://www.letour.com/le-tour/2014/us/riders/team-katusha/silin-egor.html
1,TOUR DE FRANCE,2014,05/07/2014,27/07/2014,3663.5,21,101,http://www.letour.com/le-tour/2014/us/,3,TEAM KATUSHA,RUS ,"AZEVEDO José, SCHMIDT Torsten",27,SMUKULIS Gatis,LAT,http://www.letour.com/le-tour/2014/us/riders/team-katusha/smukulis-gatis.html
1,TOUR DE FRANCE,2014,05/07/2014,27/07/2014,3663.5,21,101,http://www.letour.com/le-tour/2014/us/,3,TEAM KATUSHA,RUS ,"AZEVEDO José, SCHMIDT Torsten",28,SPILAK Simon,SLO,http://www.letour.com/le-tour/2014/us/riders/team-katusha/spilak-simon.html
1,TOUR DE FRANCE,2014,05/07/2014,27/07/2014,3663.5,21,101,http://www.letour.com/le-tour/2014/us/,3,TEAM KATUSHA,RUS ,"AZEVEDO José, SCHMIDT Torsten",29,TROFIMOV Yury,RUS,http://www.letour.com/le-tour/2014/us/riders/team-katusha/trofimov-yury.html
1,TOUR DE FRANCE,2014,05/07/2014,27/07/2014,3663.5,21,101,http://www.letour.com/le-tour/2014/us/,4,TINKOFF – SAXO,RUS ,"MAUDUIT Philippe, DE JONGH Steven",31,CONTADOR Alberto,ESP,http://www.letour.com/le-tour/2014/us/riders/tinkoff-saxo/contador-alberto.html
1,TOUR DE FRANCE,2014,05/07/2014,27/07/2014,3663.5,21,101,http://www.letour.com/le-tour/2014/us/,4,TINKOFF – SAXO,RUS ,"MAUDUIT Philippe, DE JONGH Steven",32,BENNATI Daniele,ITA,http://www.letour.com/le-tour/2014/us/riders/tinkoff-saxo/bennati-daniele.html
1,TOUR DE FRANCE,2014,05/07/2014,27/07/2014,3663.5,21,101,http://www.letour.com/le-tour/2014/us/,4,TINKOFF – SAXO,RUS ,"MAUDUIT Philippe, DE JONGH Steven",33,HERNANDEZ BLAZQUEZ Jesus Alberto,ESP,http://www.letour.com/le-tour/2014/us/riders/tinkoff-saxo/hernandez-blazquez-jesus-alberto.html
1,TOUR DE FRANCE,2014,05/07/2014,27/07/2014,3663.5,21,101,http://www.letour.com/le-tour/2014/us/,4,TINKOFF – SAXO,RUS ,"MAUDUIT Philippe, DE JONGH Steven",34,MAJKA Rafal,POL,http://www.letour.com/le-tour/2014/us/riders/tinkoff-saxo/majka-rafal.html
1,TOUR DE FRANCE,2014,05/07/2014,27/07/2014,3663.5,21,101,http://www.letour.com/le-tour/2014/us/,4,TINKOFF – SAXO,RUS ,"MAUDUIT Philippe, DE JONGH Steven",35,MORKOV Michael,DEN,http://www.letour.com/le-tour/2014/us/riders/tinkoff-saxo/morkov-michael.html
1,TOUR DE FRANCE,2014,05/07/2014,27/07/2014,3663.5,21,101,http://www.letour.com/le-tour/2014/us/,4,TINKOFF – SAXO,RUS ,"MAUDUIT Philippe, DE JONGH Steven",36,PAULINHO Sergio Miguel Moreira,POR,http://www.letour.com/le-tour/2014/us/riders/tinkoff-saxo/paulinho-sergio-miguel-moreira.html
1,TOUR DE FRANCE,2014,05/07/2014,27/07/2014,3663.5,21,101,http://www.letour.com/le-tour/2014/us/,4,TINKOFF – SAXO,RUS ,"MAUDUIT Philippe, DE JONGH Steven",37,ROCHE Nicolas,IRL,http://www.letour.com/le-tour/2014/us/riders/tinkoff-saxo/roche-nicolas.html
1,TOUR DE FRANCE,2014,05/07/2014,27/07/2014,3663.5,21,101,http://www.letour.com/le-tour/2014/us/,4,TINKOFF – SAXO,RUS ,"MAUDUIT Philippe, DE JONGH Steven",38,ROGERS Michael,AUS,http://www.letour.com/le-tour/2014/us/riders/tinkoff-saxo/rogers-michael.html
1,TOUR DE FRANCE,2014,05/07/2014,27/07/2014,3663.5,21,101,http://www.letour.com/le-tour/2014/us/,4,TINKOFF – SAXO,RUS ,"MAUDUIT Philippe, DE JONGH Steven",39,TOSATTO Matteo,ITA,http://www.letour.com/le-tour/2014/us/riders/tinkoff-saxo/tosatto-matteo.html
1,TOUR DE FRANCE,2014,05/07/2014,27/07/2014,3663.5,21,101,http://www.letour.com/le-tour/2014/us/,5,ASTANA PRO TEAM,KAZ ,"MARTINELLI Giuseppe, SHEFER Alexandr",41,NIBALI Vincenzo,ITA,http://www.letour.com/le-tour/2014/us/riders/astana-pro-team/nibali-vincenzo.html
1,TOUR DE FRANCE,2014,05/07/2014,27/07/2014,3663.5,21,101,http://www.letour.com/le-tour/2014/us/,5,ASTANA PRO TEAM,KAZ ,"MARTINELLI Giuseppe, SHEFER Alexandr",42,FUGLSANG Jakob,DEN,http://www.letour.com/le-tour/2014/us/riders/astana-pro-team/fuglsang-jakob.html
1,TOUR DE FRANCE,2014,05/07/2014,27/07/2014,3663.5,21,101,http://www.letour.com/le-tour/2014/us/,5,ASTANA PRO TEAM,KAZ ,"MARTINELLI Giuseppe, SHEFER Alexandr",43,GRIVKO Andriy,UKR,http://www.letour.com/le-tour/2014/us/riders/astana-pro-team/grivko-andriy.html
1,TOUR DE FRANCE,2014,05/07/2014,27/07/2014,3663.5,21,101,http://www.letour.com/le-tour/2014/us/,5,ASTANA PRO TEAM,KAZ ,"MARTINELLI Giuseppe, SHEFER Alexandr",44,GRUZDEV Dmitriy,KAZ,http://www.letour.com/le-tour/2014/us/riders/astana-pro-team/gruzdev-dmitriy.html
1,TOUR DE FRANCE,2014,05/07/2014,27/07/2014,3663.5,21,101,http://www.letour.com/le-tour/2014/us/,5,ASTANA PRO TEAM,KAZ ,"MARTINELLI Giuseppe, SHEFER Alexandr",45,IGLINSKIY Maxim,KAZ,http://www.letour.com/le-tour/2014/us/riders/astana-pro-team/iglinskiy-maxim.html
1,TOUR DE FRANCE,2014,05/07/2014,27/07/2014,3663.5,21,101,http://www.letour.com/le-tour/2014/us/,5,ASTANA PRO TEAM,KAZ ,"MARTINELLI Giuseppe, SHEFER Alexandr",46,KANGERT Tanel,EST,http://www.letour.com/le-tour/2014/us/riders/astana-pro-team/kangert-tanel.html
1,TOUR DE FRANCE,2014,05/07/2014,27/07/2014,3663.5,21,101,http://www.letour.com/le-tour/2014/us/,5,ASTANA PRO TEAM,KAZ ,"MARTINELLI Giuseppe, SHEFER Alexandr",47,SCARPONI Michele,ITA,http://www.letour.com/le-tour/2014/us/riders/astana-pro-team/scarponi-michele.html
1,TOUR DE FRANCE,2014,05/07/2014,27/07/2014,3663.5,21,101,http://www.letour.com/le-tour/2014/us/,5,ASTANA PRO TEAM,KAZ ,"MARTINELLI Giuseppe, SHEFER Alexandr",48,VANOTTI Alessandro,ITA,http://www.letour.com/le-tour/2014/us/riders/astana-pro-team/vanotti-alessandro.html
1,TOUR DE FRANCE,2014,05/07/2014,27/07/2014,3663.5,21,101,http://www.letour.com/le-tour/2014/us/,5,ASTANA PRO TEAM,KAZ ,"MARTINELLI Giuseppe, SHEFER Alexandr",49,WESTRA Lieuwe,NED,http://www.letour.com/le-tour/2014/us/riders/astana-pro-team/westra-lieuwe.html
1,TOUR DE FRANCE,2014,05/07/2014,27/07/2014,3663.5,21,101,http://www.letour.com/le-tour/2014/us/,6,CANNONDALE,ITA ,PAUCHARD Gilles,51,SAGAN Peter,SVK,http://www.letour.com/le-tour/2014/us/riders/cannondale/sagan-peter.html
1,TOUR DE FRANCE,2014,05/07/2014,27/07/2014,3663.5,21,101,http://www.letour.com/le-tour/2014/us/,6,CANNONDALE,ITA ,PAUCHARD Gilles,52,BODNAR Maciej,POL,http://www.letour.com/le-tour/2014/us/riders/cannondale/bodnar-maciej.html
1,TOUR DE FRANCE,2014,05/07/2014,27/07/2014,3663.5,21,101,http://www.letour.com/le-tour/2014/us/,6,CANNONDALE,ITA ,PAUCHARD Gilles,53,DE MARCHI Alessandro,ITA,http://www.letour.com/le-tour/2014/us/riders/cannondale/de-marchi-alessandro.html
1,TOUR DE FRANCE,2014,05/07/2014,27/07/2014,3663.5,21,101,http://www.letour.com/le-tour/2014/us/,6,CANNONDALE,ITA ,PAUCHARD Gilles,54,KING Edward,USA,http://www.letour.com/le-tour/2014/us/riders/cannondale/king-edward.html
1,TOUR DE FRANCE,2014,05/07/2014,27/07/2014,3663.5,21,101,http://www.letour.com/le-tour/2014/us/,6,CANNONDALE,ITA ,PAUCHARD Gilles,55,KOREN Kristijan,SLO,http://www.letour.com/le-tour/2014/us/riders/cannondale/koren-kristijan.html
1,TOUR DE FRANCE,2014,05/07/2014,27/07/2014,3663.5,21,101,http://www.letour.com/le-tour/2014/us/,6,CANNONDALE,ITA ,PAUCHARD Gilles,56,MARCATO Marco,ITA,http://www.letour.com/le-tour/2014/us/riders/cannondale/marcato-marco.html
1,TOUR DE FRANCE,2014,05/07/2014,27/07/2014,3663.5,21,101,http://www.letour.com/le-tour/2014/us/,6,CANNONDALE,ITA ,PAUCHARD Gilles,57,MARINO Jean Marc,FRA,http://www.letour.com/le-tour/2014/us/riders/cannondale/marino-jean-marc.html
1,TOUR DE FRANCE,2014,05/07/2014,27/07/2014,3663.5,21,101,http://www.letour.com/le-tour/2014/us/,6,CANNONDALE,ITA ,PAUCHARD Gilles,58,SABATINI Fabio,ITA,http://www.letour.com/le-tour/2014/us/riders/cannondale/sabatini-fabio.html
1,TOUR DE FRANCE,2014,05/07/2014,27/07/2014,3663.5,21,101,http://www.letour.com/le-tour/2014/us/,6,CANNONDALE,ITA ,PAUCHARD Gilles,59,VIVIANI Elia,ITA,http://www.letour.com/le-tour/2014/us/riders/cannondale/viviani-elia.html
1,TOUR DE FRANCE,2014,05/07/2014,27/07/2014,3663.5,21,101,http://www.letour.com/le-tour/2014/us/,7,BELKIN PRO CYCLING,NED ,"VERHOEVEN Nico, MAASSEN Frans",61,MOLLEMA Bauke,NED,http://www.letour.com/le-tour/2014/us/riders/belkin-pro-cycling/mollema-bauke.html
1,TOUR DE FRANCE,2014,05/07/2014,27/07/2014,3663.5,21,101,http://www.letour.com/le-tour/2014/us/,7,BELKIN PRO CYCLING,NED ,"VERHOEVEN Nico, MAASSEN Frans",62,BOOM Lars,NED,http://www.letour.com/le-tour/2014/us/riders/belkin-pro-cycling/boom-lars.html
1,TOUR DE FRANCE,2014,05/07/2014,27/07/2014,3663.5,21,101,http://www.letour.com/le-tour/2014/us/,7,BELKIN PRO CYCLING,NED ,"VERHOEVEN Nico, MAASSEN Frans",63,CLEMENT Stef,NED,http://www.letour.com/le-tour/2014/us/riders/belkin-pro-cycling/clement-stef.html
1,TOUR DE FRANCE,2014,05/07/2014,27/07/2014,3663.5,21,101,http://www.letour.com/le-tour/2014/us/,7,BELKIN PRO CYCLING,NED ,"VERHOEVEN Nico, MAASSEN Frans",64,KRUIJSWIJK Steven,NED,http://www.letour.com/le-tour/2014/us/riders/belkin-pro-cycling/kruijswijk-steven.html
1,TOUR DE FRANCE,2014,05/07/2014,27/07/2014,3663.5,21,101,http://www.letour.com/le-tour/2014/us/,7,BELKIN PRO CYCLING,NED ,"VERHOEVEN Nico, MAASSEN Frans",65,LEEZER Thomas,NED,http://www.letour.com/le-tour/2014/us/riders/belkin-pro-cycling/leezer-thomas.html
1,TOUR DE FRANCE,2014,05/07/2014,27/07/2014,3663.5,21,101,http://www.letour.com/le-tour/2014/us/,7,BELKIN PRO CYCLING,NED ,"VERHOEVEN Nico, MAASSEN Frans",66,TANKINK Bram,NED,http://www.letour.com/le-tour/2014/us/riders/belkin-pro-cycling/tankink-bram.html
1,TOUR DE FRANCE,2014,05/07/2014,27/07/2014,3663.5,21,101,http://www.letour.com/le-tour/2014/us/,7,BELKIN PRO CYCLING,NED ,"VERHOEVEN Nico, MAASSEN Frans",67,TEN DAM Laurens,NED,http://www.letour.com/le-tour/2014/us/riders/belkin-pro-cycling/ten-dam-laurens.html
1,TOUR DE FRANCE,2014,05/07/2014,27/07/2014,3663.5,21,101,http://www.letour.com/le-tour/2014/us/,7,BELKIN PRO CYCLING,NED ,"VERHOEVEN Nico, MAASSEN Frans",68,VANMARCKE Sep,BEL,http://www.letour.com/le-tour/2014/us/riders/belkin-pro-cycling/vanmarcke-sep.html
1,TOUR DE FRANCE,2014,05/07/2014,27/07/2014,3663.5,21,101,http://www.letour.com/le-tour/2014/us/,7,BELKIN PRO CYCLING,NED ,"VERHOEVEN Nico, MAASSEN Frans",69,WYNANTS Maarten,BEL,http://www.letour.com/le-tour/2014/us/riders/belkin-pro-cycling/wynants-maarten.html
1,TOUR DE FRANCE,2014,05/07/2014,27/07/2014,3663.5,21,101,http://www.letour.com/le-tour/2014/us/,8,OMEGA PHARMA - QUICK STEP,BEL ,"PEETERS Wilfried, BRAMATI Davide",71,CAVENDISH Mark,GBR,http://www.letour.com/le-tour/2014/us/riders/omega-pharma-quick-step/cavendish-mark.html
1,TOUR DE FRANCE,2014,05/07/2014,27/07/2014,3663.5,21,101,http://www.letour.com/le-tour/2014/us/,8,OMEGA PHARMA - QUICK STEP,BEL ,"PEETERS Wilfried, BRAMATI Davide",72,BAKELANTS Jan,BEL,http://www.letour.com/le-tour/2014/us/riders/omega-pharma-quick-step/bakelants-jan.html
1,TOUR DE FRANCE,2014,05/07/2014,27/07/2014,3663.5,21,101,http://www.letour.com/le-tour/2014/us/,8,OMEGA PHARMA - QUICK STEP,BEL ,"PEETERS Wilfried, BRAMATI Davide",73,GOLAS Michal,POL,http://www.letour.com/le-tour/2014/us/riders/omega-pharma-quick-step/golas-michal.html
1,TOUR DE FRANCE,2014,05/07/2014,27/07/2014,3663.5,21,101,http://www.letour.com/le-tour/2014/us/,8,OMEGA PHARMA - QUICK STEP,BEL ,"PEETERS Wilfried, BRAMATI Davide",74,KWIATKOWSKI Michal,POL,http://www.letour.com/le-tour/2014/us/riders/omega-pharma-quick-step/kwiatkowski-michal.html
1,TOUR DE FRANCE,2014,05/07/2014,27/07/2014,3663.5,21,101,http://www.letour.com/le-tour/2014/us/,8,OMEGA PHARMA - QUICK STEP,BEL ,"PEETERS Wilfried, BRAMATI Davide",75,MARTIN Tony,GER,http://www.letour.com/le-tour/2014/us/riders/omega-pharma-quick-step/martin-tony.html
1,TOUR DE FRANCE,2014,05/07/2014,27/07/2014,3663.5,21,101,http://www.letour.com/le-tour/2014/us/,8,OMEGA PHARMA - QUICK STEP,BEL ,"PEETERS Wilfried, BRAMATI Davide",76,PETACCHI Alessandro,ITA,http://www.letour.com/le-tour/2014/us/riders/omega-pharma-quick-step/petacchi-alessandro.html
1,TOUR DE FRANCE,2014,05/07/2014,27/07/2014,3663.5,21,101,http://www.letour.com/le-tour/2014/us/,8,OMEGA PHARMA - QUICK STEP,BEL ,"PEETERS Wilfried, BRAMATI Davide",77,RENSHAW Mark,AUS,http://www.letour.com/le-tour/2014/us/riders/omega-pharma-quick-step/renshaw-mark.html
1,TOUR DE FRANCE,2014,05/07/2014,27/07/2014,3663.5,21,101,http://www.letour.com/le-tour/2014/us/,8,OMEGA PHARMA - QUICK STEP,BEL ,"PEETERS Wilfried, BRAMATI Davide",78,TERPSTRA Niki,NED,http://www.letour.com/le-tour/2014/us/riders/omega-pharma-quick-step/terpstra-niki.html
1,TOUR DE FRANCE,2014,05/07/2014,27/07/2014,3663.5,21,101,http://www.letour.com/le-tour/2014/us/,8,OMEGA PHARMA - QUICK STEP,BEL ,"PEETERS Wilfried, BRAMATI Davide",79,TRENTIN Matteo,ITA,http://www.letour.com/le-tour/2014/us/riders/omega-pharma-quick-step/trentin-matteo.html
1,TOUR DE FRANCE,2014,05/07/2014,27/07/2014,3663.5,21,101,http://www.letour.com/le-tour/2014/us/,9,AG2R LA MONDIALE,FRA ,"LAVENU Vincent, JURDIE Julien",81,PÉRAUD Jean-Christophe,FRA,http://www.letour.com/le-tour/2014/us/riders/ag2r-la-mondiale/peraud-jean-christophe.html
1,TOUR DE FRANCE,2014,05/07/2014,27/07/2014,3663.5,21,101,http://www.letour.com/le-tour/2014/us/,9,AG2R LA MONDIALE,FRA ,"LAVENU Vincent, JURDIE Julien",82,BARDET Romain,FRA,http://www.letour.com/le-tour/2014/us/riders/ag2r-la-mondiale/bardet-romain.html
1,TOUR DE FRANCE,2014,05/07/2014,27/07/2014,3663.5,21,101,http://www.letour.com/le-tour/2014/us/,9,AG2R LA MONDIALE,FRA ,"LAVENU Vincent, JURDIE Julien",83,CHEREL Mikael,FRA,http://www.letour.com/le-tour/2014/us/riders/ag2r-la-mondiale/cherel-mikael.html
1,TOUR DE FRANCE,2014,05/07/2014,27/07/2014,3663.5,21,101,http://www.letour.com/le-tour/2014/us/,9,AG2R LA MONDIALE,FRA ,"LAVENU Vincent, JURDIE Julien",84,DUMOULIN Samuel,FRA,http://www.letour.com/le-tour/2014/us/riders/ag2r-la-mondiale/dumoulin-samuel.html
1,TOUR DE FRANCE,2014,05/07/2014,27/07/2014,3663.5,21,101,http://www.letour.com/le-tour/2014/us/,9,AG2R LA MONDIALE,FRA ,"LAVENU Vincent, JURDIE Julien",85,GASTAUER Ben,LUX,http://www.letour.com/le-tour/2014/us/riders/ag2r-la-mondiale/gastauer-ben.html
1,TOUR DE FRANCE,2014,05/07/2014,27/07/2014,3663.5,21,101,http://www.letour.com/le-tour/2014/us/,9,AG2R LA MONDIALE,FRA ,"LAVENU Vincent, JURDIE Julien",86,KADRI Blel,FRA,http://www.letour.com/le-tour/2014/us/riders/ag2r-la-mondiale/kadri-blel.html
1,TOUR DE FRANCE,2014,05/07/2014,27/07/2014,3663.5,21,101,http://www.letour.com/le-tour/2014/us/,9,AG2R LA MONDIALE,FRA ,"LAVENU Vincent, JURDIE Julien",87,MINARD Sébastien,FRA,http://www.letour.com/le-tour/2014/us/riders/ag2r-la-mondiale/minard-sebastien.html
1,TOUR DE FRANCE,2014,05/07/2014,27/07/2014,3663.5,21,101,http://www.letour.com/le-tour/2014/us/,9,AG2R LA MONDIALE,FRA ,"LAVENU Vincent, JURDIE Julien",88,MONTAGUTI Matteo,ITA,http://www.letour.com/le-tour/2014/us/riders/ag2r-la-mondiale/montaguti-matteo.html
1,TOUR DE FRANCE,2014,05/07/2014,27/07/2014,3663.5,21,101,http://www.letour.com/le-tour/2014/us/,9,AG2R LA MONDIALE,FRA ,"LAVENU Vincent, JURDIE Julien",89,RIBLON Christophe,FRA,http://www.letour.com/le-tour/2014/us/riders/ag2r-la-mondiale/riblon-christophe.html
1,TOUR DE FRANCE,2014,05/07/2014,27/07/2014,3663.5,21,101,http://www.letour.com/le-tour/2014/us/,10,GARMIN - SHARP,USA ,"WEGELIUS Charles, HUNTER Robert",91,TALANSKY Andrew,USA,http://www.letour.com/le-tour/2014/us/riders/garmin-sharp/talansky-andrew.html
1,TOUR DE FRANCE,2014,05/07/2014,27/07/2014,3663.5,21,101,http://www.letour.com/le-tour/2014/us/,10,GARMIN - SHARP,USA ,"WEGELIUS Charles, HUNTER Robert",92,ACEVEDO CALLE Janier Alexis,COL,http://www.letour.com/le-tour/2014/us/riders/garmin-sharp/acevedo-calle-janier-alexis.html
1,TOUR DE FRANCE,2014,05/07/2014,27/07/2014,3663.5,21,101,http://www.letour.com/le-tour/2014/us/,10,GARMIN - SHARP,USA ,"WEGELIUS Charles, HUNTER Robert",93,BAUER Jack,NZL,http://www.letour.com/le-tour/2014/us/riders/garmin-sharp/bauer-jack.html
1,TOUR DE FRANCE,2014,05/07/2014,27/07/2014,3663.5,21,101,http://www.letour.com/le-tour/2014/us/,10,GARMIN - SHARP,USA ,"WEGELIUS Charles, HUNTER Robert",94,HOWES Alex,USA,http://www.letour.com/le-tour/2014/us/riders/garmin-sharp/howes-alex.html
1,TOUR DE FRANCE,2014,05/07/2014,27/07/2014,3663.5,21,101,http://www.letour.com/le-tour/2014/us/,10,GARMIN - SHARP,USA ,"WEGELIUS Charles, HUNTER Robert",95,KING Benjamin,USA,http://www.letour.com/le-tour/2014/us/riders/garmin-sharp/king-benjamin.html
1,TOUR DE FRANCE,2014,05/07/2014,27/07/2014,3663.5,21,101,http://www.letour.com/le-tour/2014/us/,10,GARMIN - SHARP,USA ,"WEGELIUS Charles, HUNTER Robert",96,LANGEVELD Sebastian,NED,http://www.letour.com/le-tour/2014/us/riders/garmin-sharp/langeveld-sebastian.html
1,TOUR DE FRANCE,2014,05/07/2014,27/07/2014,3663.5,21,101,http://www.letour.com/le-tour/2014/us/,10,GARMIN - SHARP,USA ,"WEGELIUS Charles, HUNTER Robert",97,NAVARDAUSKAS Ramunas,LTU,http://www.letour.com/le-tour/2014/us/riders/garmin-sharp/navardauskas-ramunas.html
1,TOUR DE FRANCE,2014,05/07/2014,27/07/2014,3663.5,21,101,http://www.letour.com/le-tour/2014/us/,10,GARMIN - SHARP,USA ,"WEGELIUS Charles, HUNTER Robert",98,SLAGTER Tom Jelte,NED,http://www.letour.com/le-tour/2014/us/riders/garmin-sharp/slagter-tom-jelte.html
1,TOUR DE FRANCE,2014,05/07/2014,27/07/2014,3663.5,21,101,http://www.letour.com/le-tour/2014/us/,10,GARMIN - SHARP,USA ,"WEGELIUS Charles, HUNTER Robert",99,VAN SUMMEREN Johan,BEL,http://www.letour.com/le-tour/2014/us/riders/garmin-sharp/van-summeren-johan.html
1,TOUR DE FRANCE,2014,05/07/2014,27/07/2014,3663.5,21,101,http://www.letour.com/le-tour/2014/us/,11,TEAM GIANT - SHIMANO,NED ,"GUIBERTEAU Christian, REEF Marc",101,KITTEL Marcel,GER,http://www.letour.com/le-tour/2014/us/riders/team-giant-shimano/kittel-marcel.html
1,TOUR DE FRANCE,2014,05/07/2014,27/07/2014,3663.5,21,101,http://www.letour.com/le-tour/2014/us/,11,TEAM GIANT - SHIMANO,NED ,"GUIBERTEAU Christian, REEF Marc",102,CURVERS Roy,NED,http://www.letour.com/le-tour/2014/us/riders/team-giant-shimano/curvers-roy.html
1,TOUR DE FRANCE,2014,05/07/2014,27/07/2014,3663.5,21,101,http://www.letour.com/le-tour/2014/us/,11,TEAM GIANT - SHIMANO,NED ,"GUIBERTEAU Christian, REEF Marc",103,DE KORT Koen,NED,http://www.letour.com/le-tour/2014/us/riders/team-giant-shimano/de-kort-koen.html
1,TOUR DE FRANCE,2014,05/07/2014,27/07/2014,3663.5,21,101,http://www.letour.com/le-tour/2014/us/,11,TEAM GIANT - SHIMANO,NED ,"GUIBERTEAU Christian, REEF Marc",104,DEGENKOLB John,GER,http://www.letour.com/le-tour/2014/us/riders/team-giant-shimano/degenkolb-john.html
1,TOUR DE FRANCE,2014,05/07/2014,27/07/2014,3663.5,21,101,http://www.letour.com/le-tour/2014/us/,11,TEAM GIANT - SHIMANO,NED ,"GUIBERTEAU Christian, REEF Marc",105,DEVENYNS Dries,BEL,http://www.letour.com/le-tour/2014/us/riders/team-giant-shimano/devenyns-dries.html
1,TOUR DE FRANCE,2014,05/07/2014,27/07/2014,3663.5,21,101,http://www.letour.com/le-tour/2014/us/,11,TEAM GIANT - SHIMANO,NED ,"GUIBERTEAU Christian, REEF Marc",106,DUMOULIN Tom,NED,http://www.letour.com/le-tour/2014/us/riders/team-giant-shimano/dumoulin-tom.html
1,TOUR DE FRANCE,2014,05/07/2014,27/07/2014,3663.5,21,101,http://www.letour.com/le-tour/2014/us/,11,TEAM GIANT - SHIMANO,NED ,"GUIBERTEAU Christian, REEF Marc",107,JI Cheng,CHN,http://www.letour.com/le-tour/2014/us/riders/team-giant-shimano/ji-cheng.html
1,TOUR DE FRANCE,2014,05/07/2014,27/07/2014,3663.5,21,101,http://www.letour.com/le-tour/2014/us/,11,TEAM GIANT - SHIMANO,NED ,"GUIBERTEAU Christian, REEF Marc",108,TIMMER Albert,NED,http://www.letour.com/le-tour/2014/us/riders/team-giant-shimano/timmer-albert.html
1,TOUR DE FRANCE,2014,05/07/2014,27/07/2014,3663.5,21,101,http://www.letour.com/le-tour/2014/us/,11,TEAM GIANT - SHIMANO,NED ,"GUIBERTEAU Christian, REEF Marc",109,VEELERS Tom,NED,http://www.letour.com/le-tour/2014/us/riders/team-giant-shimano/veelers-tom.html
1,TOUR DE FRANCE,2014,05/07/2014,27/07/2014,3663.5,21,101,http://www.letour.com/le-tour/2014/us/,12,LAMPRE - MERIDA,ITA ,"FERNANDEZ Jose Antonio, PEDRAZZINI Simone",111,COSTA Rui Alberto,POR,http://www.letour.com/le-tour/2014/us/riders/lampre-merida/costa-rui-alberto.html
1,TOUR DE FRANCE,2014,05/07/2014,27/07/2014,3663.5,21,101,http://www.letour.com/le-tour/2014/us/,12,LAMPRE - MERIDA,ITA ,"FERNANDEZ Jose Antonio, PEDRAZZINI Simone",112,CIMOLAI Davide,ITA,http://www.letour.com/le-tour/2014/us/riders/lampre-merida/cimolai-davide.html
1,TOUR DE FRANCE,2014,05/07/2014,27/07/2014,3663.5,21,101,http://www.letour.com/le-tour/2014/us/,12,LAMPRE - MERIDA,ITA ,"FERNANDEZ Jose Antonio, PEDRAZZINI Simone",113,DURASEK Kristijan,CRO,http://www.letour.com/le-tour/2014/us/riders/lampre-merida/durasek-kristijan.html
1,TOUR DE FRANCE,2014,05/07/2014,27/07/2014,3663.5,21,101,http://www.letour.com/le-tour/2014/us/,12,LAMPRE - MERIDA,ITA ,"FERNANDEZ Jose Antonio, PEDRAZZINI Simone",114,HORNER Christopher,USA,http://www.letour.com/le-tour/2014/us/riders/lampre-merida/horner-christopher.html
1,TOUR DE FRANCE,2014,05/07/2014,27/07/2014,3663.5,21,101,http://www.letour.com/le-tour/2014/us/,12,LAMPRE - MERIDA,ITA ,"FERNANDEZ Jose Antonio, PEDRAZZINI Simone",115,MODOLO Sacha,ITA,http://www.letour.com/le-tour/2014/us/riders/lampre-merida/modolo-sacha.html
1,TOUR DE FRANCE,2014,05/07/2014,27/07/2014,3663.5,21,101,http://www.letour.com/le-tour/2014/us/,12,LAMPRE - MERIDA,ITA ,"FERNANDEZ Jose Antonio, PEDRAZZINI Simone",116,OLIVEIRA Nelson,POR,http://www.letour.com/le-tour/2014/us/riders/lampre-merida/oliveira-nelson.html
1,TOUR DE FRANCE,2014,05/07/2014,27/07/2014,3663.5,21,101,http://www.letour.com/le-tour/2014/us/,12,LAMPRE - MERIDA,ITA ,"FERNANDEZ Jose Antonio, PEDRAZZINI Simone",117,RICHEZE Ariel Maximiliano,ARG,http://www.letour.com/le-tour/2014/us/riders/lampre-merida/richeze-ariel-maximiliano.html
1,TOUR DE FRANCE,2014,05/07/2014,27/07/2014,3663.5,21,101,http://www.letour.com/le-tour/2014/us/,12,LAMPRE - MERIDA,ITA ,"FERNANDEZ Jose Antonio, PEDRAZZINI Simone",118,SERPA José,COL,http://www.letour.com/le-tour/2014/us/riders/lampre-merida/serpa-jose.html
1,TOUR DE FRANCE,2014,05/07/2014,27/07/2014,3663.5,21,101,http://www.letour.com/le-tour/2014/us/,12,LAMPRE - MERIDA,ITA ,"FERNANDEZ Jose Antonio, PEDRAZZINI Simone",119,VALLS Rafael,ESP,http://www.letour.com/le-tour/2014/us/riders/lampre-merida/valls-rafael.html
1,TOUR DE FRANCE,2014,05/07/2014,27/07/2014,3663.5,21,101,http://www.letour.com/le-tour/2014/us/,13,FDJ.FR,FRA ,"BRICAUD Thierry, MADIOT Yvon",121,DEMARE Arnaud,FRA,http://www.letour.com/le-tour/2014/us/riders/fdj-fr/demare-arnaud.html
1,TOUR DE FRANCE,2014,05/07/2014,27/07/2014,3663.5,21,101,http://www.letour.com/le-tour/2014/us/,13,FDJ.FR,FRA ,"BRICAUD Thierry, MADIOT Yvon",122,BONNET William,FRA,http://www.letour.com/le-tour/2014/us/riders/fdj-fr/bonnet-william.html
1,TOUR DE FRANCE,2014,05/07/2014,27/07/2014,3663.5,21,101,http://www.letour.com/le-tour/2014/us/,13,FDJ.FR,FRA ,"BRICAUD Thierry, MADIOT Yvon",123,DELAGE Mickaël,FRA,http://www.letour.com/le-tour/2014/us/riders/fdj-fr/delage-mickael.html
1,TOUR DE FRANCE,2014,05/07/2014,27/07/2014,3663.5,21,101,http://www.letour.com/le-tour/2014/us/,13,FDJ.FR,FRA ,"BRICAUD Thierry, MADIOT Yvon",124,JEANNESSON Arnold,FRA,http://www.letour.com/le-tour/2014/us/riders/fdj-fr/jeannesson-arnold.html
1,TOUR DE FRANCE,2014,05/07/2014,27/07/2014,3663.5,21,101,http://www.letour.com/le-tour/2014/us/,13,FDJ.FR,FRA ,"BRICAUD Thierry, MADIOT Yvon",125,LADAGNOUS Matthieu,FRA,http://www.letour.com/le-tour/2014/us/riders/fdj-fr/ladagnous-matthieu.html
1,TOUR DE FRANCE,2014,05/07/2014,27/07/2014,3663.5,21,101,http://www.letour.com/le-tour/2014/us/,13,FDJ.FR,FRA ,"BRICAUD Thierry, MADIOT Yvon",126,PINEAU Cedric,FRA,http://www.letour.com/le-tour/2014/us/riders/fdj-fr/pineau-cedric.html
1,TOUR DE FRANCE,2014,05/07/2014,27/07/2014,3663.5,21,101,http://www.letour.com/le-tour/2014/us/,13,FDJ.FR,FRA ,"BRICAUD Thierry, MADIOT Yvon",127,PINOT Thibaut,FRA,http://www.letour.com/le-tour/2014/us/riders/fdj-fr/pinot-thibaut.html
1,TOUR DE FRANCE,2014,05/07/2014,27/07/2014,3663.5,21,101,http://www.letour.com/le-tour/2014/us/,13,FDJ.FR,FRA ,"BRICAUD Thierry, MADIOT Yvon",128,ROY Jérémy,FRA,http://www.letour.com/le-tour/2014/us/riders/fdj-fr/roy-jeremy.html
1,TOUR DE FRANCE,2014,05/07/2014,27/07/2014,3663.5,21,101,http://www.letour.com/le-tour/2014/us/,13,FDJ.FR,FRA ,"BRICAUD Thierry, MADIOT Yvon",129,VICHOT Arthur,FRA,http://www.letour.com/le-tour/2014/us/riders/fdj-fr/vichot-arthur.html
1,TOUR DE FRANCE,2014,05/07/2014,27/07/2014,3663.5,21,101,http://www.letour.com/le-tour/2014/us/,14,LOTTO – BELISOL,BEL ,"FRISON Herman, WAUTERS Marc",131,VAN DEN BROECK Jurgen,BEL,http://www.letour.com/le-tour/2014/us/riders/lotto-belisol/van-den-broeck-jurgen.html
1,TOUR DE FRANCE,2014,05/07/2014,27/07/2014,3663.5,21,101,http://www.letour.com/le-tour/2014/us/,14,LOTTO – BELISOL,BEL ,"FRISON Herman, WAUTERS Marc",132,BAK Lars,DEN,http://www.letour.com/le-tour/2014/us/riders/lotto-belisol/bak-lars.html
1,TOUR DE FRANCE,2014,05/07/2014,27/07/2014,3663.5,21,101,http://www.letour.com/le-tour/2014/us/,14,LOTTO – BELISOL,BEL ,"FRISON Herman, WAUTERS Marc",133,DE CLERCQ Bart,BEL,http://www.letour.com/le-tour/2014/us/riders/lotto-belisol/de-clercq-bart.html
1,TOUR DE FRANCE,2014,05/07/2014,27/07/2014,3663.5,21,101,http://www.letour.com/le-tour/2014/us/,14,LOTTO – BELISOL,BEL ,"FRISON Herman, WAUTERS Marc",134,GALLOPIN Tony,FRA,http://www.letour.com/le-tour/2014/us/riders/lotto-belisol/gallopin-tony.html
1,TOUR DE FRANCE,2014,05/07/2014,27/07/2014,3663.5,21,101,http://www.letour.com/le-tour/2014/us/,14,LOTTO – BELISOL,BEL ,"FRISON Herman, WAUTERS Marc",135,GREIPEL André,GER,http://www.letour.com/le-tour/2014/us/riders/lotto-belisol/greipel-andre.html
1,TOUR DE FRANCE,2014,05/07/2014,27/07/2014,3663.5,21,101,http://www.letour.com/le-tour/2014/us/,14,LOTTO – BELISOL,BEL ,"FRISON Herman, WAUTERS Marc",136,HANSEN Adam,AUS,http://www.letour.com/le-tour/2014/us/riders/lotto-belisol/hansen-adam.html
1,TOUR DE FRANCE,2014,05/07/2014,27/07/2014,3663.5,21,101,http://www.letour.com/le-tour/2014/us/,14,LOTTO – BELISOL,BEL ,"FRISON Herman, WAUTERS Marc",137,HENDERSON Gregory,NZL,http://www.letour.com/le-tour/2014/us/riders/lotto-belisol/henderson-gregory.html
1,TOUR DE FRANCE,2014,05/07/2014,27/07/2014,3663.5,21,101,http://www.letour.com/le-tour/2014/us/,14,LOTTO – BELISOL,BEL ,"FRISON Herman, WAUTERS Marc",138,ROELANDTS Jurgen,BEL,http://www.letour.com/le-tour/2014/us/riders/lotto-belisol/roelandts-jurgen.html
1,TOUR DE FRANCE,2014,05/07/2014,27/07/2014,3663.5,21,101,http://www.letour.com/le-tour/2014/us/,14,LOTTO – BELISOL,BEL ,"FRISON Herman, WAUTERS Marc",139,SIEBERG Marcel,GER,http://www.letour.com/le-tour/2014/us/riders/lotto-belisol/sieberg-marcel.html
1,TOUR DE FRANCE,2014,05/07/2014,27/07/2014,3663.5,21,101,http://www.letour.com/le-tour/2014/us/,15,BMC RACING TEAM,USA ,"LEDANOIS Yvon, PIVA Valerio",141,VAN GARDEREN Tejay,USA,http://www.letour.com/le-tour/2014/us/riders/bmc-racing-team/van-garderen-tejay.html
1,TOUR DE FRANCE,2014,05/07/2014,27/07/2014,3663.5,21,101,http://www.letour.com/le-tour/2014/us/,15,BMC RACING TEAM,USA ,"LEDANOIS Yvon, PIVA Valerio",142,ATAPUMA John Darwin,COL,http://www.letour.com/le-tour/2014/us/riders/bmc-racing-team/atapuma-john-darwin.html
1,TOUR DE FRANCE,2014,05/07/2014,27/07/2014,3663.5,21,101,http://www.letour.com/le-tour/2014/us/,15,BMC RACING TEAM,USA ,"LEDANOIS Yvon, PIVA Valerio",143,BURGHARDT Marcus,GER,http://www.letour.com/le-tour/2014/us/riders/bmc-racing-team/burghardt-marcus.html
1,TOUR DE FRANCE,2014,05/07/2014,27/07/2014,3663.5,21,101,http://www.letour.com/le-tour/2014/us/,15,BMC RACING TEAM,USA ,"LEDANOIS Yvon, PIVA Valerio",144,MOINARD Amaël,FRA,http://www.letour.com/le-tour/2014/us/riders/bmc-racing-team/moinard-amael.html
1,TOUR DE FRANCE,2014,05/07/2014,27/07/2014,3663.5,21,101,http://www.letour.com/le-tour/2014/us/,15,BMC RACING TEAM,USA ,"LEDANOIS Yvon, PIVA Valerio",145,OSS Daniel,ITA,http://www.letour.com/le-tour/2014/us/riders/bmc-racing-team/oss-daniel.html
1,TOUR DE FRANCE,2014,05/07/2014,27/07/2014,3663.5,21,101,http://www.letour.com/le-tour/2014/us/,15,BMC RACING TEAM,USA ,"LEDANOIS Yvon, PIVA Valerio",146,SCHÄR Michael,SUI,http://www.letour.com/le-tour/2014/us/riders/bmc-racing-team/schar-michael.html
1,TOUR DE FRANCE,2014,05/07/2014,27/07/2014,3663.5,21,101,http://www.letour.com/le-tour/2014/us/,15,BMC RACING TEAM,USA ,"LEDANOIS Yvon, PIVA Valerio",147,STETINA Peter,USA,http://www.letour.com/le-tour/2014/us/riders/bmc-racing-team/stetina-peter.html
1,TOUR DE FRANCE,2014,05/07/2014,27/07/2014,3663.5,21,101,http://www.letour.com/le-tour/2014/us/,15,BMC RACING TEAM,USA ,"LEDANOIS Yvon, PIVA Valerio",148,VAN AVERMAET Greg,BEL,http://www.letour.com/le-tour/2014/us/riders/bmc-racing-team/van-avermaet-greg.html
1,TOUR DE FRANCE,2014,05/07/2014,27/07/2014,3663.5,21,101,http://www.letour.com/le-tour/2014/us/,15,BMC RACING TEAM,USA ,"LEDANOIS Yvon, PIVA Valerio",149,VELITS Peter,SVK,http://www.letour.com/le-tour/2014/us/riders/bmc-racing-team/velits-peter.html
1,TOUR DE FRANCE,2014,05/07/2014,27/07/2014,3663.5,21,101,http://www.letour.com/le-tour/2014/us/,16,TEAM EUROPCAR,FRA ,"FLICKINGER Andy, ARNOULD Dominique",151,ROLLAND Pierre,FRA,http://www.letour.com/le-tour/2014/us/riders/team-europcar/rolland-pierre.html
1,TOUR DE FRANCE,2014,05/07/2014,27/07/2014,3663.5,21,101,http://www.letour.com/le-tour/2014/us/,16,TEAM EUROPCAR,FRA ,"FLICKINGER Andy, ARNOULD Dominique",152,ARASHIRO Yukiya,JPN,http://www.letour.com/le-tour/2014/us/riders/team-europcar/arashiro-yukiya.html
1,TOUR DE FRANCE,2014,05/07/2014,27/07/2014,3663.5,21,101,http://www.letour.com/le-tour/2014/us/,16,TEAM EUROPCAR,FRA ,"FLICKINGER Andy, ARNOULD Dominique",153,COQUARD Bryan,FRA,http://www.letour.com/le-tour/2014/us/riders/team-europcar/coquard-bryan.html
1,TOUR DE FRANCE,2014,05/07/2014,27/07/2014,3663.5,21,101,http://www.letour.com/le-tour/2014/us/,16,TEAM EUROPCAR,FRA ,"FLICKINGER Andy, ARNOULD Dominique",154,GAUTIER Cyril,FRA,http://www.letour.com/le-tour/2014/us/riders/team-europcar/gautier-cyril.html
1,TOUR DE FRANCE,2014,05/07/2014,27/07/2014,3663.5,21,101,http://www.letour.com/le-tour/2014/us/,16,TEAM EUROPCAR,FRA ,"FLICKINGER Andy, ARNOULD Dominique",155,GENE Yohann,FRA,http://www.letour.com/le-tour/2014/us/riders/team-europcar/gene-yohann.html
1,TOUR DE FRANCE,2014,05/07/2014,27/07/2014,3663.5,21,101,http://www.letour.com/le-tour/2014/us/,16,TEAM EUROPCAR,FRA ,"FLICKINGER Andy, ARNOULD Dominique",156,PICHOT Alexandre,FRA,http://www.letour.com/le-tour/2014/us/riders/team-europcar/pichot-alexandre.html
1,TOUR DE FRANCE,2014,05/07/2014,27/07/2014,3663.5,21,101,http://www.letour.com/le-tour/2014/us/,16,TEAM EUROPCAR,FRA ,"FLICKINGER Andy, ARNOULD Dominique",157,QUEMENEUR Perrig,FRA,http://www.letour.com/le-tour/2014/us/riders/team-europcar/quemeneur-perrig.html
1,TOUR DE FRANCE,2014,05/07/2014,27/07/2014,3663.5,21,101,http://www.letour.com/le-tour/2014/us/,16,TEAM EUROPCAR,FRA ,"FLICKINGER Andy, ARNOULD Dominique",158,REZA Kévin,FRA,http://www.letour.com/le-tour/2014/us/riders/team-europcar/reza-kevin.html
1,TOUR DE FRANCE,2014,05/07/2014,27/07/2014,3663.5,21,101,http://www.letour.com/le-tour/2014/us/,16,TEAM EUROPCAR,FRA ,"FLICKINGER Andy, ARNOULD Dominique",159,VOECKLER Thomas,FRA,http://www.letour.com/le-tour/2014/us/riders/team-europcar/voeckler-thomas.html
1,TOUR DE FRANCE,2014,05/07/2014,27/07/2014,3663.5,21,101,http://www.letour.com/le-tour/2014/us/,17,TREK FACTORY RACING,USA ,"ANDERSEN Kim, GALLOPIN Alain",161,SCHLECK Frank,LUX,http://www.letour.com/le-tour/2014/us/riders/trek-factory-racing/schleck-frank.html
1,TOUR DE FRANCE,2014,05/07/2014,27/07/2014,3663.5,21,101,http://www.letour.com/le-tour/2014/us/,17,TREK FACTORY RACING,USA ,"ANDERSEN Kim, GALLOPIN Alain",162,BUSCHE Matthew,USA,http://www.letour.com/le-tour/2014/us/riders/trek-factory-racing/busche-matthew.html
1,TOUR DE FRANCE,2014,05/07/2014,27/07/2014,3663.5,21,101,http://www.letour.com/le-tour/2014/us/,17,TREK FACTORY RACING,USA ,"ANDERSEN Kim, GALLOPIN Alain",163,CANCELLARA Fabian,SUI,http://www.letour.com/le-tour/2014/us/riders/trek-factory-racing/cancellara-fabian.html
1,TOUR DE FRANCE,2014,05/07/2014,27/07/2014,3663.5,21,101,http://www.letour.com/le-tour/2014/us/,17,TREK FACTORY RACING,USA ,"ANDERSEN Kim, GALLOPIN Alain",164,IRIZAR ARRANBURU Markel,ESP,http://www.letour.com/le-tour/2014/us/riders/trek-factory-racing/irizar-arranburu-markel.html
1,TOUR DE FRANCE,2014,05/07/2014,27/07/2014,3663.5,21,101,http://www.letour.com/le-tour/2014/us/,17,TREK FACTORY RACING,USA ,"ANDERSEN Kim, GALLOPIN Alain",165,RAST Gregory,SUI,http://www.letour.com/le-tour/2014/us/riders/trek-factory-racing/rast-gregory.html
1,TOUR DE FRANCE,2014,05/07/2014,27/07/2014,3663.5,21,101,http://www.letour.com/le-tour/2014/us/,17,TREK FACTORY RACING,USA ,"ANDERSEN Kim, GALLOPIN Alain",166,SCHLECK Andy,LUX,http://www.letour.com/le-tour/2014/us/riders/trek-factory-racing/schleck-andy.html
1,TOUR DE FRANCE,2014,05/07/2014,27/07/2014,3663.5,21,101,http://www.letour.com/le-tour/2014/us/,17,TREK FACTORY RACING,USA ,"ANDERSEN Kim, GALLOPIN Alain",167,VAN POPPEL Danny,NED,http://www.letour.com/le-tour/2014/us/riders/trek-factory-racing/van-poppel-danny.html
1,TOUR DE FRANCE,2014,05/07/2014,27/07/2014,3663.5,21,101,http://www.letour.com/le-tour/2014/us/,17,TREK FACTORY RACING,USA ,"ANDERSEN Kim, GALLOPIN Alain",168,VOIGT Jens,GER,http://www.letour.com/le-tour/2014/us/riders/trek-factory-racing/voigt-jens.html
1,TOUR DE FRANCE,2014,05/07/2014,27/07/2014,3663.5,21,101,http://www.letour.com/le-tour/2014/us/,17,TREK FACTORY RACING,USA ,"ANDERSEN Kim, GALLOPIN Alain",169,ZUBELDIA AGIRRE Haimar,ESP,http://www.letour.com/le-tour/2014/us/riders/trek-factory-racing/zubeldia-agirre-haimar.html
1,TOUR DE FRANCE,2014,05/07/2014,27/07/2014,3663.5,21,101,http://www.letour.com/le-tour/2014/us/,18,"COFIDIS, SOLUTIONS CREDITS",FRA ,"ROUS Didier, JONROND Jean-Luc",171,NAVARRO GARCIA Daniel,ESP,http://www.letour.com/le-tour/2014/us/riders/cofidis-solutions-credits/navarro-garcia-daniel.html
1,TOUR DE FRANCE,2014,05/07/2014,27/07/2014,3663.5,21,101,http://www.letour.com/le-tour/2014/us/,18,"COFIDIS, SOLUTIONS CREDITS",FRA ,"ROUS Didier, JONROND Jean-Luc",172,EDET Nicolas,FRA,http://www.letour.com/le-tour/2014/us/riders/cofidis-solutions-credits/edet-nicolas.html
1,TOUR DE FRANCE,2014,05/07/2014,27/07/2014,3663.5,21,101,http://www.letour.com/le-tour/2014/us/,18,"COFIDIS, SOLUTIONS CREDITS",FRA ,"ROUS Didier, JONROND Jean-Luc",173,GARCIA ECHEGUIBEL Egoitz,ESP,http://www.letour.com/le-tour/2014/us/riders/cofidis-solutions-credits/garcia-echeguibel-egoitz.html
1,TOUR DE FRANCE,2014,05/07/2014,27/07/2014,3663.5,21,101,http://www.letour.com/le-tour/2014/us/,18,"COFIDIS, SOLUTIONS CREDITS",FRA ,"ROUS Didier, JONROND Jean-Luc",174,LEMOINE Cyril,FRA,http://www.letour.com/le-tour/2014/us/riders/cofidis-solutions-credits/lemoine-cyril.html
1,TOUR DE FRANCE,2014,05/07/2014,27/07/2014,3663.5,21,101,http://www.letour.com/le-tour/2014/us/,18,"COFIDIS, SOLUTIONS CREDITS",FRA ,"ROUS Didier, JONROND Jean-Luc",175,MATE MARDONES Luis Angel,ESP,http://www.letour.com/le-tour/2014/us/riders/cofidis-solutions-credits/mate-mardones-luis-angel.html
1,TOUR DE FRANCE,2014,05/07/2014,27/07/2014,3663.5,21,101,http://www.letour.com/le-tour/2014/us/,18,"COFIDIS, SOLUTIONS CREDITS",FRA ,"ROUS Didier, JONROND Jean-Luc",176,MOLARD Rudy,FRA,http://www.letour.com/le-tour/2014/us/riders/cofidis-solutions-credits/molard-rudy.html
1,TOUR DE FRANCE,2014,05/07/2014,27/07/2014,3663.5,21,101,http://www.letour.com/le-tour/2014/us/,18,"COFIDIS, SOLUTIONS CREDITS",FRA ,"ROUS Didier, JONROND Jean-Luc",177,PETIT Adrien,FRA,http://www.letour.com/le-tour/2014/us/riders/cofidis-solutions-credits/petit-adrien.html
1,TOUR DE FRANCE,2014,05/07/2014,27/07/2014,3663.5,21,101,http://www.letour.com/le-tour/2014/us/,18,"COFIDIS, SOLUTIONS CREDITS",FRA ,"ROUS Didier, JONROND Jean-Luc",178,SIMON Julien,FRA,http://www.letour.com/le-tour/2014/us/riders/cofidis-solutions-credits/simon-julien.html
1,TOUR DE FRANCE,2014,05/07/2014,27/07/2014,3663.5,21,101,http://www.letour.com/le-tour/2014/us/,18,"COFIDIS, SOLUTIONS CREDITS",FRA ,"ROUS Didier, JONROND Jean-Luc",179,TAARAMÄE Rein,EST,http://www.letour.com/le-tour/2014/us/riders/cofidis-solutions-credits/taaramae-rein.html
1,TOUR DE FRANCE,2014,05/07/2014,27/07/2014,3663.5,21,101,http://www.letour.com/le-tour/2014/us/,19,ORICA GREENEDGE,AUS ,"WHITE Matthew, STEPHENS Neil",181,GERRANS Simon,AUS,http://www.letour.com/le-tour/2014/us/riders/orica-greenedge/gerrans-simon.html
1,TOUR DE FRANCE,2014,05/07/2014,27/07/2014,3663.5,21,101,http://www.letour.com/le-tour/2014/us/,19,ORICA GREENEDGE,AUS ,"WHITE Matthew, STEPHENS Neil",182,ALBASINI Michael,SUI,http://www.letour.com/le-tour/2014/us/riders/orica-greenedge/albasini-michael.html
1,TOUR DE FRANCE,2014,05/07/2014,27/07/2014,3663.5,21,101,http://www.letour.com/le-tour/2014/us/,19,ORICA GREENEDGE,AUS ,"WHITE Matthew, STEPHENS Neil",183,CLARKE Simon,AUS,http://www.letour.com/le-tour/2014/us/riders/orica-greenedge/clarke-simon.html
1,TOUR DE FRANCE,2014,05/07/2014,27/07/2014,3663.5,21,101,http://www.letour.com/le-tour/2014/us/,19,ORICA GREENEDGE,AUS ,"WHITE Matthew, STEPHENS Neil",184,DURBRIDGE Luke,AUS,http://www.letour.com/le-tour/2014/us/riders/orica-greenedge/durbridge-luke.html
1,TOUR DE FRANCE,2014,05/07/2014,27/07/2014,3663.5,21,101,http://www.letour.com/le-tour/2014/us/,19,ORICA GREENEDGE,AUS ,"WHITE Matthew, STEPHENS Neil",185,HAYMAN Mathew,AUS,http://www.letour.com/le-tour/2014/us/riders/orica-greenedge/hayman-mathew.html
1,TOUR DE FRANCE,2014,05/07/2014,27/07/2014,3663.5,21,101,http://www.letour.com/le-tour/2014/us/,19,ORICA GREENEDGE,AUS ,"WHITE Matthew, STEPHENS Neil",186,KEUKELEIRE Jens,BEL,http://www.letour.com/le-tour/2014/us/riders/orica-greenedge/keukeleire-jens.html
1,TOUR DE FRANCE,2014,05/07/2014,27/07/2014,3663.5,21,101,http://www.letour.com/le-tour/2014/us/,19,ORICA GREENEDGE,AUS ,"WHITE Matthew, STEPHENS Neil",187,MEIER Christian,CAN,http://www.letour.com/le-tour/2014/us/riders/orica-greenedge/meier-christian.html
1,TOUR DE FRANCE,2014,05/07/2014,27/07/2014,3663.5,21,101,http://www.letour.com/le-tour/2014/us/,19,ORICA GREENEDGE,AUS ,"WHITE Matthew, STEPHENS Neil",188,TUFT Svein,CAN,http://www.letour.com/le-tour/2014/us/riders/orica-greenedge/tuft-svein.html
1,TOUR DE FRANCE,2014,05/07/2014,27/07/2014,3663.5,21,101,http://www.letour.com/le-tour/2014/us/,19,ORICA GREENEDGE,AUS ,"WHITE Matthew, STEPHENS Neil",189,YATES Simon,GBR,http://www.letour.com/le-tour/2014/us/riders/orica-greenedge/yates-simon.html
1,TOUR DE FRANCE,2014,05/07/2014,27/07/2014,3663.5,21,101,http://www.letour.com/le-tour/2014/us/,20,IAM CYCLING,SUI ,"CARLSTRÖM Kjell, SEIGNEUR Eddy",191,FRANK Mathias,SUI,http://www.letour.com/le-tour/2014/us/riders/iam-cycling/frank-mathias.html
1,TOUR DE FRANCE,2014,05/07/2014,27/07/2014,3663.5,21,101,http://www.letour.com/le-tour/2014/us/,20,IAM CYCLING,SUI ,"CARLSTRÖM Kjell, SEIGNEUR Eddy",192,CHAVANEL Sylvain,FRA,http://www.letour.com/le-tour/2014/us/riders/iam-cycling/chavanel-sylvain.html
1,TOUR DE FRANCE,2014,05/07/2014,27/07/2014,3663.5,21,101,http://www.letour.com/le-tour/2014/us/,20,IAM CYCLING,SUI ,"CARLSTRÖM Kjell, SEIGNEUR Eddy",193,ELMIGER Martin,SUI,http://www.letour.com/le-tour/2014/us/riders/iam-cycling/elmiger-martin.html
1,TOUR DE FRANCE,2014,05/07/2014,27/07/2014,3663.5,21,101,http://www.letour.com/le-tour/2014/us/,20,IAM CYCLING,SUI ,"CARLSTRÖM Kjell, SEIGNEUR Eddy",194,HAUSSLER Heinrich,AUS,http://www.letour.com/le-tour/2014/us/riders/iam-cycling/haussler-heinrich.html
1,TOUR DE FRANCE,2014,05/07/2014,27/07/2014,3663.5,21,101,http://www.letour.com/le-tour/2014/us/,20,IAM CYCLING,SUI ,"CARLSTRÖM Kjell, SEIGNEUR Eddy",195,HOLLENSTEIN Reto,SUI,http://www.letour.com/le-tour/2014/us/riders/iam-cycling/hollenstein-reto.html
1,TOUR DE FRANCE,2014,05/07/2014,27/07/2014,3663.5,21,101,http://www.letour.com/le-tour/2014/us/,20,IAM CYCLING,SUI ,"CARLSTRÖM Kjell, SEIGNEUR Eddy",196,KLUGE Roger,GER,http://www.letour.com/le-tour/2014/us/riders/iam-cycling/kluge-roger.html
1,TOUR DE FRANCE,2014,05/07/2014,27/07/2014,3663.5,21,101,http://www.letour.com/le-tour/2014/us/,20,IAM CYCLING,SUI ,"CARLSTRÖM Kjell, SEIGNEUR Eddy",197,PINEAU Jérôme,FRA,http://www.letour.com/le-tour/2014/us/riders/iam-cycling/pineau-jerome.html
1,TOUR DE FRANCE,2014,05/07/2014,27/07/2014,3663.5,21,101,http://www.letour.com/le-tour/2014/us/,20,IAM CYCLING,SUI ,"CARLSTRÖM Kjell, SEIGNEUR Eddy",198,REICHENBACH Sébastien,SUI,http://www.letour.com/le-tour/2014/us/riders/iam-cycling/reichenbach-sebastien.html
1,TOUR DE FRANCE,2014,05/07/2014,27/07/2014,3663.5,21,101,http://www.letour.com/le-tour/2014/us/,20,IAM CYCLING,SUI ,"CARLSTRÖM Kjell, SEIGNEUR Eddy",199,WYSS Marcel,SUI,http://www.letour.com/le-tour/2014/us/riders/iam-cycling/wyss-marcel.html
1,TOUR DE FRANCE,2014,05/07/2014,27/07/2014,3663.5,21,101,http://www.letour.com/le-tour/2014/us/,21,TEAM NETAPP – ENDURA,GER ,"POITSCHKE Enrico, SANS VEGA Alex",201,KONIG Leopold,CZE,http://www.letour.com/le-tour/2014/us/riders/team-netapp-endura/konig-leopold.html
1,TOUR DE FRANCE,2014,05/07/2014,27/07/2014,3663.5,21,101,http://www.letour.com/le-tour/2014/us/,21,TEAM NETAPP – ENDURA,GER ,"POITSCHKE Enrico, SANS VEGA Alex",202,BARTA Jan,CZE,http://www.letour.com/le-tour/2014/us/riders/team-netapp-endura/barta-jan.html
1,TOUR DE FRANCE,2014,05/07/2014,27/07/2014,3663.5,21,101,http://www.letour.com/le-tour/2014/us/,21,TEAM NETAPP – ENDURA,GER ,"POITSCHKE Enrico, SANS VEGA Alex",203,DE LA CRUZ MELGAREJO David,ESP,http://www.letour.com/le-tour/2014/us/riders/team-netapp-endura/de-la-cruz-melgarejo-david.html
1,TOUR DE FRANCE,2014,05/07/2014,27/07/2014,3663.5,21,101,http://www.letour.com/le-tour/2014/us/,21,TEAM NETAPP – ENDURA,GER ,"POITSCHKE Enrico, SANS VEGA Alex",204,DEMPSTER Zakkari,AUS,http://www.letour.com/le-tour/2014/us/riders/team-netapp-endura/dempster-zakkari.html
1,TOUR DE FRANCE,2014,05/07/2014,27/07/2014,3663.5,21,101,http://www.letour.com/le-tour/2014/us/,21,TEAM NETAPP – ENDURA,GER ,"POITSCHKE Enrico, SANS VEGA Alex",205,HUZARSKI Bartosz,POL,http://www.letour.com/le-tour/2014/us/riders/team-netapp-endura/huzarski-bartosz.html
1,TOUR DE FRANCE,2014,05/07/2014,27/07/2014,3663.5,21,101,http://www.letour.com/le-tour/2014/us/,21,TEAM NETAPP – ENDURA,GER ,"POITSCHKE Enrico, SANS VEGA Alex",206,MACHADO Tiago,POR,http://www.letour.com/le-tour/2014/us/riders/team-netapp-endura/machado-tiago.html
1,TOUR DE FRANCE,2014,05/07/2014,27/07/2014,3663.5,21,101,http://www.letour.com/le-tour/2014/us/,21,TEAM NETAPP – ENDURA,GER ,"POITSCHKE Enrico, SANS VEGA Alex",207,PIMENTA COSTA MENDES José,POR,http://www.letour.com/le-tour/2014/us/riders/team-netapp-endura/pimenta-costa-mendes-jose.html
1,TOUR DE FRANCE,2014,05/07/2014,27/07/2014,3663.5,21,101,http://www.letour.com/le-tour/2014/us/,21,TEAM NETAPP – ENDURA,GER ,"POITSCHKE Enrico, SANS VEGA Alex",208,SCHILLINGER Andreas,GER,http://www.letour.com/le-tour/2014/us/riders/team-netapp-endura/schillinger-andreas.html
1,TOUR DE FRANCE,2014,05/07/2014,27/07/2014,3663.5,21,101,http://www.letour.com/le-tour/2014/us/,21,TEAM NETAPP – ENDURA,GER ,"POITSCHKE Enrico, SANS VEGA Alex",209,VOSS Paul,GER,http://www.letour.com/le-tour/2014/us/riders/team-netapp-endura/voss-paul.html
1,TOUR DE FRANCE,2014,05/07/2014,27/07/2014,3663.5,21,101,http://www.letour.com/le-tour/2014/us/,22,BRETAGNE - SECHE ENVIRONNEMENT,FRA ,"HUBERT Emmanuel, TREHIN Roger",211,FEILLU Brice,FRA,http://www.letour.com/le-tour/2014/us/riders/bretagne-seche-environnement/feillu-brice.html
1,TOUR DE FRANCE,2014,05/07/2014,27/07/2014,3663.5,21,101,http://www.letour.com/le-tour/2014/us/,22,BRETAGNE - SECHE ENVIRONNEMENT,FRA ,"HUBERT Emmanuel, TREHIN Roger",212,BIDEAU Jean-Marc,FRA,http://www.letour.com/le-tour/2014/us/riders/bretagne-seche-environnement/bideau-jean-marc.html
1,TOUR DE FRANCE,2014,05/07/2014,27/07/2014,3663.5,21,101,http://www.letour.com/le-tour/2014/us/,22,BRETAGNE - SECHE ENVIRONNEMENT,FRA ,"HUBERT Emmanuel, TREHIN Roger",213,DELAPLACE Anthony,FRA,http://www.letour.com/le-tour/2014/us/riders/bretagne-seche-environnement/delaplace-anthony.html
1,TOUR DE FRANCE,2014,05/07/2014,27/07/2014,3663.5,21,101,http://www.letour.com/le-tour/2014/us/,22,BRETAGNE - SECHE ENVIRONNEMENT,FRA ,"HUBERT Emmanuel, TREHIN Roger",214,FEILLU Romain,FRA,http://www.letour.com/le-tour/2014/us/riders/bretagne-seche-environnement/feillu-romain.html
1,TOUR DE FRANCE,2014,05/07/2014,27/07/2014,3663.5,21,101,http://www.letour.com/le-tour/2014/us/,22,BRETAGNE - SECHE ENVIRONNEMENT,FRA ,"HUBERT Emmanuel, TREHIN Roger",215,FONSECA Armindo,FRA,http://www.letour.com/le-tour/2014/us/riders/bretagne-seche-environnement/fonseca-armindo.html
1,TOUR DE FRANCE,2014,05/07/2014,27/07/2014,3663.5,21,101,http://www.letour.com/le-tour/2014/us/,22,BRETAGNE - SECHE ENVIRONNEMENT,FRA ,"HUBERT Emmanuel, TREHIN Roger",216,GERARD Arnaud,FRA,http://www.letour.com/le-tour/2014/us/riders/bretagne-seche-environnement/gerard-arnaud.html
1,TOUR DE FRANCE,2014,05/07/2014,27/07/2014,3663.5,21,101,http://www.letour.com/le-tour/2014/us/,22,BRETAGNE - SECHE ENVIRONNEMENT,FRA ,"HUBERT Emmanuel, TREHIN Roger",217,GUILLOU Florian,FRA,http://www.letour.com/le-tour/2014/us/riders/bretagne-seche-environnement/guillou-florian.html
1,TOUR DE FRANCE,2014,05/07/2014,27/07/2014,3663.5,21,101,http://www.letour.com/le-tour/2014/us/,22,BRETAGNE - SECHE ENVIRONNEMENT,FRA ,"HUBERT Emmanuel, TREHIN Roger",218,JARRIER Benoit,FRA,http://www.letour.com/le-tour/2014/us/riders/bretagne-seche-environnement/jarrier-benoit.html
1,TOUR DE FRANCE,2014,05/07/2014,27/07/2014,3663.5,21,101,http://www.letour.com/le-tour/2014/us/,22,BRETAGNE - SECHE ENVIRONNEMENT,FRA ,"HUBERT Emmanuel, TREHIN Roger",219,VACHON Florian,FRA,http://www.letour.com/le-tour/2014/us/riders/bretagne-seche-environnement/vachon-florian.html
